[{
    "platId": "0",
    "data": [
        [
            1460390400000,
            10.39,
            9646.6,
            8062.77
        ],
        [
            1460476800000,
            10.33,
            10516.4,
            7160.38
        ],
        [
            1460563200000,
            10.05,
            8941.4,
            7520.99
        ],
        [
            1460649600000,
            10.11,
            10730.25,
            8175.96
        ],
        [
            1460736000000,
            10.77,
            4517.35,
            3428.37
        ],
        [
            1460822400000,
            10.47,
            5364.4,
            3434.82
        ],
        [
            1460908800000,
            10.48,
            11407.45,
            8338
        ],
        [
            1460995200000,
            10.49,
            11751.7,
            6417.4
        ],
        [
            1461081600000,
            10.13,
            10926.8,
            6520.13
        ],
        [
            1461168000000,
            10.28,
            9300.75,
            8165.39
        ]
    ]
}, {
    "platId": "57",
    "data": [
        [
            1460390400000,
            10.21,
            10981,
            28049600
        ],
        [
            1460476800000,
            10.21,
            32125,
            36398600
        ],
        [
            1460563200000,
            10.67,
            760,
            2323900
        ],
        [
            1460649600000,
            10.23,
            17619,
            29618600
        ],
        [
            1460736000000,
            10.2,
            36,
            179900
        ],
        [
            1460822400000,
            0,
            0,
            0
        ],
        [
            1460908800000,
            10.22,
            19263,
            17825800
        ],
        [
            1460995200000,
            10.23,
            34354,
            40541200
        ],
        [
            1461081600000,
            10.22,
            24102,
            34700100
        ],
        [
            1461168000000,
            10.23,
            17543,
            31027900
        ]
    ]
}, {
    "platId": "52",
    "data": [
        [
            1460390400000,
            21.4,
            15861,
            71246758
        ],
        [
            1460476800000,
            21.86,
            15568,
            55779766
        ],
        [
            1460563200000,
            16.74,
            15549,
            31704454
        ],
        [
            1460649600000,
            19.13,
            15722,
            40213043
        ],
        [
            1460736000000,
            16.97,
            4752,
            2438323
        ],
        [
            1460822400000,
            17.01,
            13110,
            19976614
        ],
        [
            1460908800000,
            20.71,
            15532,
            39067759
        ],
        [
            1460995200000,
            23.79,
            15118,
            63796399
        ],
        [
            1461081600000,
            18.28,
            16028,
            40944196
        ],
        [
            1461168000000,
            20.42,
            15359,
            43461438
        ]
    ]
}, {
    "platId": "60",
    "data": [
        [
            1460390400000,
            7.64,
            12168,
            186624473.76000008
        ],
        [
            1460476800000,
            7.47,
            11833,
            187316682.2300001
        ],
        [
            1460563200000,
            8.02,
            12955,
            218832111.17999998
        ],
        [
            1460649600000,
            7.95,
            12736,
            215688368.51999986
        ],
        [
            1460736000000,
            8.4,
            14389,
            252836485.44000018
        ],
        [
            1460822400000,
            8.53,
            14038,
            223678793.9500001
        ],
        [
            1460908800000,
            9.62,
            18804,
            482629871.87000006
        ],
        [
            1460995200000,
            8.58,
            14163,
            215134995.90000013
        ],
        [
            1461081600000,
            8.67,
            14659,
            227436532.31000012
        ],
        [
            1461168000000,
            9.91,
            17341,
            374152294.75000036
        ]
    ]
}, {
    "platId": "59",
    "data": [
        [
            1460390400000,
            8.18,
            814,
            342724929.96000284
        ],
        [
            1460476800000,
            8.23,
            831,
            315685064.9900018
        ],
        [
            1460563200000,
            8.25,
            817,
            283298441.5900017
        ],
        [
            1460649600000,
            8.22,
            768,
            182592112.18000013
        ],
        [
            1460736000000,
            7.99,
            590,
            65041943.41000006
        ],
        [
            1460822400000,
            7.78,
            528,
            45242385.899999976
        ],
        [
            1460908800000,
            8.17,
            788,
            259873866.3100026
        ],
        [
            1460995200000,
            8.29,
            644,
            108805869.79999973
        ],
        [
            1461081600000,
            8.2,
            611,
            110532290.8299998
        ],
        [
            1461168000000,
            8.14,
            753,
            203170958.65000057
        ]
    ]
}, {
    "platId": "85",
    "data": [
        [
            1460390400000,
            11.93,
            19717,
            56023400
        ],
        [
            1460476800000,
            11.91,
            22154,
            59382600
        ],
        [
            1460563200000,
            11.93,
            31852,
            61876900
        ],
        [
            1460649600000,
            11.93,
            15060,
            59378600
        ],
        [
            1460736000000,
            11.97,
            331,
            1173100
        ],
        [
            1460822400000,
            11.43,
            105,
            251900
        ],
        [
            1460908800000,
            11.85,
            35438,
            66834200
        ],
        [
            1460995200000,
            11.94,
            17517,
            49195500
        ],
        [
            1461081600000,
            11.85,
            20876,
            48373500
        ],
        [
            1461168000000,
            11.84,
            3698,
            52945800
        ]
    ]
}, {
    "platId": "116",
    "data": [
        [
            1460390400000,
            7.04,
            113,
            6790000
        ],
        [
            1460476800000,
            7.28,
            268,
            25500000
        ],
        [
            1460563200000,
            7.28,
            365,
            44660000
        ],
        [
            1460649600000,
            7.11,
            289,
            28730000
        ],
        [
            1460736000000,
            0,
            0,
            0
        ],
        [
            1460822400000,
            7.1,
            153,
            10100000
        ],
        [
            1460908800000,
            7.1,
            320,
            33490000
        ],
        [
            1460995200000,
            7.13,
            295,
            27170000
        ],
        [
            1461081600000,
            7.13,
            278,
            24030000
        ],
        [
            1461168000000,
            7.12,
            290,
            25940000
        ]
    ]
}, {
    "platId": "689",
    "data": [
        [
            1460390400000,
            12.79,
            38241,
            58371464.23000748
        ],
        [
            1460476800000,
            12.86,
            29130,
            54373873.270007424
        ],
        [
            1460563200000,
            12.81,
            36595,
            62279386.52000017
        ],
        [
            1460649600000,
            12.78,
            43568,
            88816532.36000109
        ],
        [
            1460736000000,
            13.22,
            20171,
            13412763.339999657
        ],
        [
            1460822400000,
            13.39,
            28465,
            17984107.179999556
        ],
        [
            1460908800000,
            12.88,
            35661,
            66839076.809999906
        ],
        [
            1460995200000,
            12.66,
            26629,
            44812617.31000066
        ],
        [
            1461081600000,
            12.76,
            31075,
            58343615.0400028
        ],
        [
            1461168000000,
            12.61,
            31364,
            75726377.89999945
        ]
    ]
}, {
    "platId": "38",
    "data": [
        [
            1460390400000,
            9.64,
            6994,
            100280156
        ],
        [
            1460476800000,
            9.64,
            6577,
            83983370
        ],
        [
            1460563200000,
            9.7,
            8600,
            108161740
        ],
        [
            1460649600000,
            9.46,
            7959,
            111550111
        ],
        [
            1460736000000,
            9.54,
            5764,
            64014220
        ],
        [
            1460822400000,
            9.61,
            5755,
            60350350
        ],
        [
            1460908800000,
            9.2,
            7290,
            103902116
        ],
        [
            1460995200000,
            9.73,
            7936,
            114651648
        ],
        [
            1461081600000,
            9.73,
            8768,
            101113166
        ],
        [
            1461168000000,
            9.71,
            8203,
            104723300
        ]
    ]
}, {
    "platId": "142",
    "data": [
        [
            1460390400000,
            9.79,
            21202,
            37881834
        ],
        [
            1460476800000,
            9.87,
            24215,
            35880261
        ],
        [
            1460563200000,
            9.87,
            27015,
            31123990
        ],
        [
            1460649600000,
            10.4,
            32188,
            21282448
        ],
        [
            1460736000000,
            10.34,
            32,
            78668
        ],
        [
            1460822400000,
            0,
            0,
            0
        ],
        [
            1460908800000,
            10.07,
            23302,
            59433950
        ],
        [
            1460995200000,
            10.03,
            49223,
            37295444
        ],
        [
            1461081600000,
            9.93,
            31493,
            36691547
        ],
        [
            1461168000000,
            0,
            0,
            0
        ]
    ]
}, {
    "platId": "984",
    "data": [
        [
            1460390400000,
            0,
            0,
            0
        ],
        [
            1460476800000,
            7.09,
            136,
            13800000
        ],
        [
            1460563200000,
            6.75,
            81,
            6000000
        ],
        [
            1460649600000,
            7.5,
            29,
            4000000
        ],
        [
            1460736000000,
            0,
            0,
            0
        ],
        [
            1460822400000,
            0,
            0,
            0
        ],
        [
            1460908800000,
            6.94,
            100,
            10500000
        ],
        [
            1460995200000,
            5.8,
            63,
            5000000
        ],
        [
            1461081600000,
            7.5,
            40,
            5000000
        ],
        [
            1461168000000,
            6.15,
            91,
            10000000
        ]
    ]
}, {
    "platId": "942",
    "data": [
        [
            1460390400000,
            10.36,
            2824,
            93727665.6
        ],
        [
            1460476800000,
            10.46,
            2958,
            97679772.72
        ],
        [
            1460563200000,
            10.53,
            3257,
            108703974.30000003
        ],
        [
            1460649600000,
            10.56,
            3385,
            108164987.54000002
        ],
        [
            1460736000000,
            10.25,
            2261,
            55367342.230000004
        ],
        [
            1460822400000,
            10.24,
            2513,
            88325886.35000007
        ],
        [
            1460908800000,
            10.48,
            3468,
            104052376.80999996
        ],
        [
            1460995200000,
            10.36,
            2771,
            90450094.98000003
        ],
        [
            1461081600000,
            10.55,
            2887,
            98272198.51000002
        ],
        [
            1461168000000,
            10.56,
            3284,
            101193187.71
        ]
    ]
}, {
    "platId": "129",
    "data": [
        [
            1460390400000,
            9.62,
            11,
            23790350
        ],
        [
            1460476800000,
            10.88,
            9,
            18800480
        ],
        [
            1460563200000,
            10.71,
            6,
            20784690
        ],
        [
            1460649600000,
            8.59,
            9,
            35764600
        ],
        [
            1460736000000,
            14.35,
            5,
            6801000
        ],
        [
            1460822400000,
            0,
            0,
            0
        ],
        [
            1460908800000,
            10.13,
            6,
            5039600
        ],
        [
            1460995200000,
            11.79,
            9,
            12882920
        ],
        [
            1461081600000,
            8.57,
            5,
            60304030
        ],
        [
            1461168000000,
            10.44,
            6,
            29469600
        ]
    ]
}]
