﻿{
	"name": "湖南卫视-2015.7.15",
	"children":
	[
		{
			"name": "电视剧",
			"children": 
			[
				{"name":"浮华背后", "attention":0.0001219},
				{"name":"追鱼传奇", "attention":0.0022277},
				{"name":"旋风少女", "attention":0.00193940},
				{"name":"冰与火的青春", "attention":0.0061510}
			]
		},
		{
			"name": "娱乐",
			"children": 
			[
				{"name":"我是大美人", "attention":0.0005436},
				{"name":"好好学吧（重播）", "attention":0.0002981},
				{"name":"变形记", "attention":0.0001925},
				{"name":"快乐大本营（重播）", "attention":0.0003850},
				{"name":"好好学吧", "attention":0.0030634},
				{"name":"新闻大求真", "attention":0.0014569},
				{"name":"平民英雄", "attention":0.0001011}
			]
		},
		{
			"name": "新闻",
			"children": 
			[
				{"name":"湖南新闻联播", "attention":0.0026823 },
				{"name":"转播中央电视台新闻", "attention":0.0021827}
			]
		},
		{
			"name": "生活",
			"children": 
			[
				{"name":"播报多看点", "attention":0.0006416 },
				{"name":"卫视气象站", "attention":0.0047871 }
			]
		},
		{
			"name": "纪录片",
			"children": 
			[
				{"name":"我的纪录片", "attention":0.0007999 }
			]
		}
	]
}